MAIN_ID,RA,DEC,SP_TYPE,U,A_U,B,A_B,V,A_V,R,A_R,I,A_I,J,A_J,H,A_H,K,2MASS_FLAG,A_K,W1,A_W1,W2,A_W2,F9,F9_FLAG,W3,A_W3,F18,F18_FLAG,W4,WISE_FLAG,A_W4,25,60,100,450,850,890,1300,2600,2700,7000,13000,36000,,,,,,,,
 ab aur,04 55 45,+30 33 04,A0Ve,7.1999998,0.5311898913850,7.1599998,0.451463379658,7.0500002,0.3409989356990,6.96,0.2555090616790,6.6999998,0.1632952649830,5.936,0.0960560382252,5.062,0.05993896785250,4.230,000,0.03669340660200,3.289,0.01799449782750,1.669,0.01112052761540,18.879999,3,0.542,0.00929534281905,26.030001,3,-1.723,0h0h ,0.006066169348410,52.7,118,138,1.97,0.326333,0.3087,0.0515,,0.014,,,,,,,,,,,
 ak sco,16 54 44,-36 53 18,F5Ve,9.8000002,1.0140935103800,9.6300001,0.861887793635,9,0.6510003547670,9.1999998,0.4877918151210,,0.3117466487620,7.676,0.1833803816240,7.059,0.11442935813400,6.503,000,0.07005130578050,5.482,0.03435325815760,5.064,0.02123017600610,2.032000,3,3.013,0.01774571952980,2.870000,3,0.899,hh00 ,0.011580911212500,,,,,,,,,,,,,,,,,,,,
AS 310,18 33 21,-04 58 04,B1e,13.51,6.4225887323900,13.52,5.458619718310,12.45,4.1230000000000,11.28,3.0893464788700,10.62,1.9743943662000,8.040,1.1614084507000,7.270,0.72471887323900,6.390,000,0.44365802816900,7.099,0.21757051643200,6.332,0.13445770809900,      null|, null,0.223,0.11238949577500,      null|,null,  null ,HHHH ,0.07334573104230,,,,,,,,,,,,,,,,,,,,
 V2018 Cyg,20 46 45,+43 45 11,B9e,,3.4768940093000,12.27,2.955045541360,11.61,2.2320024833700,,1.6724300297900,,1.0688462596400,10.603,0.6287330939060,10.236,0.39232945059800,9.815,000,0.24017604187200,9.118,0.11778266625800,8.033,0.07278921619790,2.068000,3,2.25,0.06084250149730,7.517000,3,-0.255,000h ,0.039706003839600,,,,,,,,,,,,,,,,,,,,
 V1977 Cyg,20 47 37,+43 47 24,B8Ve,11.9,3.6217644318400,11.56,3.078172301920,10.9,2.3250024833700,10.18,1.7421145368300,9.9499998,1.1133814709100,8.653,0.6549302770050,7.701,0.40867649285100,6.623,000,0.25018336581600,5.335,0.12269027189200,4.32,0.07582209683170,2.557000,3,2.974,0.06337760290580,2.298000,3,1.357,hhhH ,0.041360418825500,,,,,,,,,,,,,,,,,,,,
 HD 245185,05 35 09,+10 01 51,A0Vae,9.98,0.3863211267610,9.97,0.328338028169,9.89,0.2480000000000,9.71,0.1858253521130,9.68,0.1187605633800,9.291,0.0698591549296,8.764,0.04359211267610,8.020,000,0.02668619718310,6.893,0.01308694835680,6.129,0.00808768169014,2.392000,3,2.469,0.00676027042254,4.476000,3,0.513,0000,0.004411773295770,6.8,5.5,4.6,,,,,0.0065,,,,,,,,,,,,
 bd +41 3731,20 24 15,+42 18 01,B3n,,0.9609738028170,9.94,0.816740845070,9.931,0.6169000000000,9.93,0.4622405633800,,0.2954169014080,9.629,0.1737746478870,9.624,0.10843538028200,9.632,000,0.06638191549300,9.509,0.03255378403750,9.426,0.02011810820420,      null|, null,8.042,0.01681617267610,      null|,null,5.36,HHdh ,0.010974286073200,,,,,,,,,,,,,,,,,,,,
 bd +65 1637,21 42 50,+66 06 35,B4,10.23,2.8008281690100,10.6,2.380450704230,10.18,1.7980000000000,9.66,1.3472338028200,9.39,0.8610140845070,8.973,0.5064788732390,8.729,0.31604281690100,8.474,000,0.19347492957700,7.901,0.09488037558670,7.509,0.05863569225350, ,0,6.174,0.04901196056340,7.893000,3,0.339,hddd ,0.031985356394400,,,,,,,0.02,,,,,,,,,,,,,
 bf ori,05 37 13,-06 35 00,A7III,11.08,0.6277718309860,10.73,0.533549295775,10.41,0.4030000000000,10.09,0.3019661971830,9.75,0.1929859154930,9.113,0.1135211267610,8.565,0.07083718309860,7.897,000,0.04336507042250,6.880,0.02126629107980,6.101,0.01314248274650,      null|, null,3.591,0.01098543943660,      null|,null,2.196,0000,0.007169131605630,0.8,1.7,,,,,0.07,,,,,,,,,,,,,
 bh cep,22 01 42,+69 44 36,F5IIIe,12,1.0140929577500,11.79,0.861887323944,11.16,0.6510000000000,10.63,0.4877915492960,9.98,0.3117464788730,9.686,0.1833802816900,8.993,0.11442929577500,8.310,000,0.07005126760560,7.320,0.03435323943660,6.846,0.02123016443660,0.480700,3,4.684,0.01774570985920,0.766900,3,2.225,0000,0.011580904901400,,,,,,,,,,,,,,,,,,,,
 HD 245465,05 36 29,+06 50 02,F4e,10.26,0.3863211267610,10.14,0.328338028169,9.67,0.2480000000000,9.21,0.1858253521130,9.18,0.1187605633800,8.604,0.0698591549296,8.371,0.04359211267610,8.231,000,0.02668619718310,8.180,0.01308694835680,8.185,0.00808768169014,      null|, null,8.129,0.00676027042254,      null|,null,8.131,0000,0.004411773295770,,,,,,,,,,,,,,,,,,,,
 bo cep,22 16 54,+70 03 45,F5Ve,12.13,0.6760619718310,12.16,0.574591549296,11.6,0.4340000000000,11.06,0.3251943661970,10.58,0.2078309859150,10.319,0.1222535211270,9.849,0.07628619718310,9.581,000,0.04670084507040,8.853,0.02290215962440,8.501,0.01415344295770,0.084110,3,7.006,0.01183047323940,0.117800,3,3.855,hh0d ,0.007720603267610,,,,,,,,,,,,,,,,,,,,
 cq tau,05 35 58,+24 44 54,F3,11.48,1.8833154929600,11.03,1.600647887320,10.27,1.2090000000000,9.53,0.9058985915490,9.53,0.5789577464790,7.926,0.3405633802820,7.060,0.21251154929600,6.173,000,0.13009521126800,5.328,0.06379887323930,4.428,0.03942744823940,4.855000,3,1.775,0.03295631830990,12.880000,3,-0.795,0000,0.021507394816900,,,,,,,0.018,,,,,,,,,,,,,
 cq uma,13 40 21,+57 12 27,A2IVpSrCr,,0.2269636619720,6.383,0.192898591549,6.276,0.1457000000000,6.22,0.1091723943660,,0.0697718309859,6.152,0.0410422535211,6.211,0.02561036619720,6.197,000,0.01567814084510,6.203,0.00768858215961,6.12,0.00475151299296,0.193300,3,6.246,0.00397165887324, ,0,6.056,0000,0.002591916811270,,,,,,,,,,,,,,,,,,,,
 hd 53367,07 04 25,-10 27 15,B0IV/Ve,6.8099999,3.5734706988500,7.4000001,3.037126995410,6.96,2.2940001773800,,1.7188846399500,,1.0985352962100,6.332,0.6461972330660,6.220,0.40322707343300,6.117,000,0.24684734303100,5.104,0.12105428166100,4.647,0.07481106141860,1.065000,3,4.167,0.06253250624380, ,0,1.019,hhhd ,0.040808906141500,23,57.3,,,,,0.1,,,,,,,,,,,,,
 hd 150193,16 40 17,-23 53 45,A0Ve,9.6899996,2.5593761753000,9.3199997,2.175238340670,8.79,1.6429991722100,8.4099998,1.2310923374900,,0.7867883359880,6.947,0.4628166682280,6.214,0.28879760097400,5.476,000,0.17679596726300,4.441,0.08670098918130,3.552,0.05358086420160,13.000000,3,1.03,0.04478676898450, ,0,-0.567,HHHH ,0.029227983358600,16,8.9,,0.17,0.0705,,0.02,0.0137,,,,,,,,,,,,
 hd 163296,17 56 21,-21 57 21,A1Vep,7,0.2414503358010,6.9299998,0.205210954478,6.8499999,0.1549997634890,6.8600001,0.1161406678540,6.6700001,0.0742252388538,6.195,0.0436619052081,5.531,0.02724502884990,4.779,000,0.01667884778950,3.737,0.00817933024230,2.918,0.00505479334332,15.020001,3,0.638,0.00422516256699, ,0,-0.764,hhhh ,0.002757354102460,24.2,30,32.4,5.72,1.45667,,0.6005,,,,,,,,,,,,,
 hd 200775,21 01 36,+68 09 47,B3,7.39,2.8491183098600,7.77,2.421492957750,7.37,1.8290000000000,6.84,1.3704619718300,6.35,0.8758591549300,6.111,0.5152112676060,5.465,0.32149183098600,4.651,000,0.19681070422500,3.350,0.09651624413130,1.235,0.05964665246480,11.310000,3,1.03,0.04985699436620, ,0,-2.016,HHHH ,0.032536828056300,89.2,652,,,,,0.02,,,,,,,,,,,,,
 hd 250550,06 01 59,+16 30 56,B9e,9.34,0.6277718309860,9.61,0.533549295775,9.54,0.4030000000000,9.32,0.3019661971830,9.24,0.1929859154930,8.475,0.1135211267610,7.528,0.07083718309860,6.635,000,0.04336507042250,5.649,0.02126629107980,4.809,0.01314248274650,2.973000,3,2.374,0.01098543943660,6.514000,3,0.051,0000,0.007169131605630,11.3,7.9,11.7,,,,0.04,,,,,,,,,,,,,
 hd 259431,06 33 05,+10 19 19,B6ep,8.3900003,1.7384428598800,8.9499998,1.477519248000,8.7200003,1.1159985809300,8.8999996,0.8362130212060,,0.5344218556580,7.454,0.3143657974460,6.666,0.19616425760600,5.726,000,0.12008773462400,4.456,0.05889119272140,3.13,0.03639452132750,11.490000,3,1.444,0.03042117821880,11.800000,3,-0.499,hdhh ,0.019852954586600,23.5,114,176,,,,,,,,,,,,,,,,,
 hk ori,05 31 28,+12 09 10,A2?e+G0?e,12.27,2.2213464788700,12.23,1.887943661970,11.71,1.4260000000000,11.01,1.0684957746500,10.72,0.6828732394370,9.408,0.4016901408450,8.311,0.25065464788700,7.341,000,0.15344563380300,6.163,0.07524995305150,5.033,0.04650416971830,2.708000,3,2.529,0.03887155492960,2.882000,3,0.897,HHHH ,0.025367696450700,4.7,,,,,,0.1,,,,,,,,,,,,,
 AS 220,17 10 08,-27 15 18,A5,12.58,2.5110873239400,12.11,2.134197183100,11.45,1.6120000000000,10.61,1.2078647887300,9.88,0.7719436619720,9.072,0.4540845070420,7.233,0.28334873239400,5.795,000,0.17346028169000,4.441,0.08506516431910,3.504,0.05256993098590,9.100000,3,1.379,0.04394175774650,8.276000,3,-0.01,0h0h ,0.028676526422500,11.1,6.7,,,0.091,,0.05,,,,,,,,,,,,,
 lkh 112,18 04 22,-24 22 09,B2Ve,9.4099998,1.8688275664900,10.183,1.588334459760,10.016,1.1996994323700,,0.8989297155250,9.6239996,0.5745039535310,9.085,0.3379435020770,8.862,0.21087674529600,8.562,000,0.12909441779300,7.513,0.06330808272230,6.995,0.03912414166480,      null|, null,4.593,0.03270279269600,      null|,null,0.773,dddd ,0.021341943220600,,,,,,,,,,,,,,,,,,,,
 lkh 115,18 04 50,-24 25 41,B7e,,2.6124954407600,12.38,2.220384913480,11.949,1.6770992431600,,1.2566433765700,11.198,0.8031179474310,10.453,0.4724223220180,10.162,0.29479152893900,9.728,0c0,0.18046532701100,9.162,0.08850044832460,8.533,0.05469292274790,      null|, null,4.683,0.04571630810170,      null|,null,1.16,dDdd ,0.029834603449000,,,,,,,,,,,,,,,,,,,,
 lkh 118,18 05 49,-24 15 20,B1,11.85,5.4567859154900,12.07,4.637774647890,11.2,3.5030000000000,10.18,2.6247830985900,9.47,1.6774929577500,8.721,0.9867605633800,8.248,0.61573859154900,7.900,000,0.37694253521100,7.349,0.18485314554000,7.09,0.11423850387300,      null|, null,6.607,0.09548881971830,      null|,null,5.475,hhh0 ,0.062316297802800,,,,,,,,,,,,,,,,,,,,
 lkh 119,18 05 56,-24 16 00,B1Ve,,12.4347092413000,13,10.568378559500,10.685,7.9824986991900,17.299999,5.9812525464300,,3.8226050108800,9.859,2.2485911828700,9.454,1.40312089811000,9.214,000,0.85896183185600,8.665,0.42123608159000,8.384,0.26032221198000,      null|, null,7.74,0.21759616876600,      null|,null,7.993,hhhd ,0.142003929817000,,,,,,,,,,,,,,,,,,,,
 lkh 131,20 46 36,+43 44 35,Be,,5.6982364355100,14.5,4.842985758930,13.46,3.6579998817400,13.9,2.7409238550500,,1.7517182532300,11.153,1.0304225019000,10.738,0.64298364118500,10.382,000,0.39362139572600,10.480,0.19303248202200,10.214,0.11929330107300,      null|, null,8.896,0.09971398550880,      null|,null,7.049,0ddH ,0.065073654009000,,,,,,,,,,,,,,,,,,,,
 lkh 132,20 46 41,+43 46 48,B4,,4.9738845979400,16,4.227352112680,15.13,3.1930000000000,15.3,2.3925014084500,,1.5290422535200,12.600,0.8994366197180,12.202,0.56124845070400,11.945,000,0.34358478873200,11.723,0.16849446009400,11.588,0.10412890176100,      null|, null,11.278,0.08703848169010,      null|,null,8.736,00DH ,0.056801581183100,,,,,,,,,,,,,,,,,,,,
 lkh 134,20 48 04,+43 47 25,B8/A0e,,2.1247680393100,11.77,1.805860720570,11.42,1.3640011825600,,1.0220403227000,,0.6531836648860,9.457,0.3842256852270,8.867,0.23975682758200,8.240,0s0 ,0.14677421175700,7.169,0.07197827836570,6.554,0.04448228786080,3.444000,3,  null ,0.03718151955940,10.640000,3,-0.619,hhhh ,0.024264774163700,,,,,,,,,,,,,,,,,,,,
 lkh 135,20 48 20,+43 39 48,B7e,,2.9456985915500,11.6,2.503577464790,11.1,1.8910000000000,,1.4169183098600,,0.9055492957750,8.717,0.5326760563380,7.745,0.33238985915500,6.782,000,0.20348225352100,5.395,0.09978798122050,4.401,0.06166857288730,3.353000,3,2.499,0.05154706197180,3.465000,3,0.821,0hoo ,0.033639771380300,,,,,,,,,,,,,,,,,,,,
 lkh 147,20 51 02,+43 49 31,B2e,,8.3831720612600,15.869,7.124938279920,14.353,5.3816023178100,15.8,4.0324118775700,12.147,2.5771053352900,10.565,1.5159443148800,9.997,0.94594925248300,9.483,000,0.57909072828300,8.959,0.28398690165300,8.567,0.17550276826400,      null|, null,7.625,0.14669793135100,      null|,null,6.382,0000,0.095735521750800,,,,,,,,,,,,,,,,,,,,
 lkh 167,20 52 04,+44 37 30,A1/9e,17,9.1751267605600,17.27,7.798028169010,15.34,5.8900000000000,13.49,4.4133521126800,,2.8205633802800,10.234,1.6591549295800,9.059,1.03531267606000,8.120,000,0.63379718309900,6.482,0.31081502347400,5.646,0.19208244014100,1.578000,3,3.329,0.16055642253500,1.401000,3,1.84,0h00 ,0.104779615775000,,,,,,,,,,,,,,,,,,,,
 lkh 168,20 52 06,+44 17 16,F6III,15.78,3.6217605633800,14.73,3.078169014080,13.48,2.3250000000000,12.27,1.7421126760600,,1.1133802816900,10.265,0.6549295774650,9.229,0.40867605633800,8.338,000,0.25018309859200,6.904,0.12269014084500,6.221,0.07582201584510,1.021000,3,3.733,0.06337753521130,1.307000,3,1.726,0h00 ,0.041360374647900,,,,,,,,,,,,,,,,,,,,
 lkh 169,20 52 07,+44 03 44,B3V(e),,4.7807248647200,11.1,4.063183881410,10.3,3.0690005912800,,2.2995891754400,,1.4696622549800,8.901,0.8645072088110,8.698,0.53945249829800,8.623,000,0.33024175376600,8.549,0.16195101711700,8.545,0.10008508019800,      null|, null,7.871,0.08365836259660,      null|,null,4.393,0h00 ,0.054595705053700,,,,,,,,,,,,,,,,,,,,
 lkh 176,20 52 58,+44 15 03,B5ne,,4.4040577503000,12.872,3.743050890860,12.1,2.8271980133100,14.4,2.1184075254600,10.992,1.3538694711600,10.216,0.7963938065650,9.942,0.49694973529700,9.664,000,0.30422243410800,9.129,0.14919110643000,8.746,0.09219950647830,      null|, null,7.643,0.07706702866130,      null|,null,6.773,0h00 ,0.050294180229700,,,,,,,,,,,,,,,,,,,,
 lkh 183,20 55 10,+45 03 02,B1:Ve,,2.3662146908600,12,2.011068543770,11.77,1.5189985809300,14.4,1.1381792183900,,0.7274077711510,10.303,0.4278869242060,9.989,0.26700144070500,9.711,000,0.16345280504700,9.298,0.08015748380120,8.982,0.04953700407400,      null|, null,8.028,0.04140661765550,      null|,null,6.159,0000,0.027022086192300,,,,,,,,,,,,,,,,,,,,
 lkh 192,20 59 17,+44 17 46,B0e,,8.2141529577500,15.617,6.981287323940,14.216,5.2731000000000,16.5,3.9511115493000,12.176,2.5251464788700,10.393,1.4853802816900,9.700,0.92687729577500,9.084,sss ,0.56741526760600,8.459,0.27826123943600,8.141,0.17196433193700,0.057210,3,7.372,0.14374024985900, ,0,5.908,0d00 ,0.093805329701400,,,,,,,,,,,,,,,,,,,,
 lkh 193,20 59 31,+44 35 44,Be,,4.1529534021600,14.5,3.529634898760,13.78,2.6660008277900,19,1.9976231554700,,1.2766764527400,11.971,0.7509861486730,11.648,0.46861535677200,11.420,000,0.28687670879300,11.034,0.14068473851800,10.777,0.08694260516460,      null|, null,10.446,0.07267292960710,      null|,null,8.825,0o00 ,0.047426577655500,,,,,,,,,,,,,,,,,,,,
 lkh 194,21 01 40,+44 19 44,B3e,,3.9597915493000,14,3.365464788730,13.37,2.5420000000000,15.8,1.9047098591500,,1.2172957746500,12.010,0.7160563380280,11.716,0.44681915493000,11.402,000,0.27353352112700,10.753,0.13414122065700,10.432,0.08289873732390,      null|, null,9.499,0.06929277183100,      null|,null,8.646,dd00 ,0.045220676281700,,,,,,,,,,,,,,,,,,,,
 lkh 198,00 11 25,+58 49 28,B9e,15.54,4.9255943662000,15.14,4.186309859150,14.18,3.1620000000000,12.94,2.3692732394400,11.79,1.5141971831000,9.988,0.8907042253520,7.889,0.55799436620000,6.290,000,0.34024901408500,4.677,0.16685859154900,3.304,0.10311794154900,9.475000,3,0.627,0.08619344788730,29.860001,3,-2.249,HHHH ,0.056250109521100,101,140,207,0.22,,,0.4E,,0.024,,,,,,,,,,,
 lkh 201,00 43 25,+61 38 23,B2e,15.01,6.9054901408500,14.85,5.869042253520,13.64,4.4330000000000,12.39,3.3216281690100,,2.1228450704200,10.716,1.2487323943700,10.285,0.77920901408500,9.849,000,0.47701577464800,9.317,0.23392920187800,8.934,0.14456731021100,      null|, null,8.083,0.12083983380300,      null|,null,7.352,0000,0.078860447662000,,,,,,,,,,,,,,,,,,,,
 lkh 208,06 07 49,+18 39 26,A7,12.38,1.1106732394400,12.07,0.943971830986,11.65,0.7130000000000,11.19,0.5342478873240,9.58,0.3414366197180,10.254,0.2008450704230,9.834,0.12532732394400,9.245,000,0.07672281690140,7.915,0.03762497652580,6.571,0.02325208485920,3.093000,3,2.524,0.01943577746480, ,0,0.766,0000,0.012683848225400,4.5,5.9,26.2,,,,,,,,,,,,,,,,,
 lkh 215,06 32 41,+10 09 33,B6e,11.11,3.1388591549300,11.06,2.667746478870,10.54,2.0150000000000,9.86,1.5098309859200,9.27,0.9649295774650,8.598,0.5676056338030,7.821,0.35418591549300,7.034,000,0.21682535211300,5.426,0.10633145539900,4.727,0.06571241373240,17.940001,3,2.966,0.05492719718310,13.670000,3,0.657,HHHH ,0.035845658028200,8.2,86.9,315,,,,,,,,,,,,,,,,,
 lkh 218,07 02 42,-11 26 11,A0e,12.55,2.0281859154900,12.29,1.723774647890,11.87,1.3020000000000,11.38,0.9755830985920,11.09,0.6234929577460,10.255,0.3667605633800,9.419,0.22885859154900,8.577,000,0.14010253521100,7.297,0.06870647887310,6.39,0.04246032887320,0.882700,3,3.905,0.03549141971830,0.921500,3,2.22,0h00 ,0.023161809802800,,,,,,,,,,,,,,,,,,,,
 lkh 220,07 04 06,-11 26 08,B8e,12,1.7867352112700,12.09,1.518563380280,11.81,1.1470000000000,11.41,0.8594422535210,10.91,0.5492676056340,10.763,0.3230985915490,10.022,0.20161352112700,9.116,000,0.12342366197200,7.884,0.06052713615010,7.08,0.03740552781690,0.888500,3,3.907,0.03126625070420,1.107000,3,2.054,0hhh ,0.020404451493000,,,,,,,,,,,,,,,,,,,,
 lkh 257,21 54 18,+47 12 09,B5/A2e,,4.1046621560400,13.87,3.488591705860,13.16,2.6350001182600,13.8,1.9743944548100,,1.2618310425400,11.278,0.7422535544380,10.494,0.46316621796900,9.725,000,0.28354085779500,8.867,0.13904883253100,8.345,0.08593162181430,0.090020,3,6.329,0.07182787646300,0.317800,3,3.065,HHd0 ,0.046875093371300,,,,,,,,,,,,,,,,,,,,
 lkh 259,23 58 41,+66 26 12,A9e,16.75,6.0845577464800,16.55,5.171323943660,15.02,3.9060000000000,13.34,2.9267492957700,,1.8704788732400,10.692,1.1002816901400,9.889,0.68657577464800,9.265,000,0.42030760563400,7.990,0.20611943661900,7.066,0.12738098662000,9.892000,3,3.197,0.10647425915500,10.260000,3,0.227,0hhh ,0.069485429408500,,,,,,,,,,,,,,,,,,,,
 lkh 324,21 03 54,+50 15 09,B8,14.4,5.8431070422500,13.77,4.966112676060,12.65,3.7510000000000,11.57,2.8106084507000,10.76,1.7962535211300,10.020,1.0566197183100,9.815,0.65933070422500,9.574,00c ,0.40362873239400,8.743,0.19794009389600,8.177,0.12232618556300,7.476000,3,4.177,0.10224909014100, ,0,1.968,hhdd ,0.066728071098600,,,,,,,,,,,,,,,,,,,,
 lkh 339,06 10 57,-06 14 39,A1e,14.75,4.0563718309900,14.53,3.447549295770,13.66,2.6040000000000,12.77,1.9511661971800,12.11,1.2469859154900,11.386,0.7335211267610,10.640,0.45777171830990,9.725,000,0.28020507042300,8.171,0.13741295774600,7.256,0.08492065774650,1.415000,3,3.712,0.07098283943660,2.047000,3,1.58,hhhd ,0.046323619605600,,,,,,,,,,,,,,,,,,,,
 lkh 341,06 30 50,+10 33 09,F3e,14.28,2.8491183098600,14.35,2.421492957750,13.39,1.8290000000000,12.43,1.3704619718300,,0.8758591549300,9.374,0.5152112676060,8.439,0.32149183098600,8.071,000,0.19681070422500,7.780,0.09651624413130,7.624,0.05964665246480,      null|, null,7.34,0.04985699436620,      null|,null,6.926,0000,0.032536828056300,,,,,,,,,,,,,,,,,,,,
 lkh 350,22 49 07,+62 11 08,B8e,16.42,9.7546084507000,15.97,8.290535211270,14.04,6.2620000000000,12.19,4.6920901408500,,2.9987042253500,9.578,1.7639436619700,8.869,1.10070084507000,8.316,000,0.67382647887300,7.777,0.33044544600900,7.432,0.20421396267600,0.123500,3,6.748,0.17069682816900, ,0,6.391,hh00 ,0.111397275718000,,,,,,,,,,,,,,,,,,,,
 HBC 1,00 07 02,+65 38 38,F4?,17.34,0.5794816901410,17.27,0.492507042254,16.76,0.3720000000000,16.57,0.2787380281690,,0.1781408450700,10.907,0.1047887323940,8.902,0.06538816901410,7.263,000,0.04002929577460,5.507,0.01963042253520,4.306,0.01213152253520,3.402000,3,1.985,0.01014040563380,7.517000,3,-0.225,hh0h ,0.006617659943660,,,,,,,,,,,,,,,,,,,,
 mwc 137,06 18 45,+15 16 52,B0e,12.75,7.7747126760600,13.31,6.607802816900,12,4.9910000000000,10.2,3.7397352112700,9.21,2.3900563380300,8.762,1.4059154929600,7.840,0.87729126760600,6.623,000,0.53705971831000,4.737,0.26337483568000,3.655,0.16276459401400, ,0,1.839,0.13605044225400,20.400000,3,-0.385,hhhd ,0.088786937577500,25.7,245,519,,,,0.19,,0.0057,,,,,,,,,,,
 mwc 297,18 27 39,-03 49 52,B1:Ve,15.57,11.0584409640000,14.34,9.398674960390,12.31,7.0989991722100,11.34,5.3192500839700,,3.3995207303500,6.127,1.9997180766800,4.387,1.24782407985000,3.041,0d0 ,0.76389230529100,-1.163,0.37461385303100,-1.865,0.23150986138500, ,0,-2.022,0.19351271828000,218.300003,3,-4.721,HHHH ,0.126286995866000,224,914,2200,1.45,0.57,,0.11,,,,,,,,,,,,,
 mwc 342,20 23 03,+39 29 50,B[e],11.62,5.0221728057600,11.5,4.268392800560,10.6,3.2239988174400,,2.4157286913800,,1.5438867576500,6.979,0.9081686809700,5.800,0.56669725692500,4.679,000,0.34692043613100,2.100,0.17013026623500,0.246,0.10513982340700,46.570000,3,-0.241,0.08788348325750,44.919998,3,-1.817,HHHH ,0.057353031808100,,,,,,,,,,,,,,,,,,,,
 mwc 930,18 26 25,-07 13 17,B5/9e,,14.0379439437000,14.28,11.930983098600,11.513,9.0117000000000,10.6,6.7524287323900,,4.3154619718300,6.652,2.5385070422500,5.810,1.58402839437000,5.262,000,0.96970969014100,3.908,0.47554698591500,3.267,0.29388613341500,3.251000,3,3.014,0.24565132647900, ,0,2.012,0000,0.160312812135000,,,,,,,,,,,,,,,,,,,,
 mwc 1080,23 17 25,+60 50 43,B0eq,13.02,8.0161633802800,12.88,6.813014084510,11.52,5.1460000000000,9.98,3.8558760563400,8.73,2.4642816901400,7.461,1.4495774647900,5.980,0.90453633802800,4.826,000,0.55373859154900,2.210,0.27155417840300,0.795,0.16781939507000,21.600000,3,0.344,0.14027561126800,17.240000,3,-0.984,0hoo ,0.091544295887300,28.4,150,246.2,3.79,0.275,,0.54E,,0.011,,,,,,,,,,,
 mx ori,05 35 21,-05 09 16,F8Ve,,0.7388391549300,10.927,0.627946478873,10.254,0.4743000000000,,0.3553909859150,,0.2271295774650,8.315,0.1336056338030,7.684,0.08336991549300,7.101,000,0.05103735211270,6.304,0.02502878873230,5.862,0.01546769123240,0.726900,3,5.22,0.01292901718310, ,0,4.012,hdOO ,0.008437516428170,,,,,,,,,,,,,,,,,,,,
 nv ori,05 35 31,-05 33 08,F0,,5.4278118309900,11.623,4.613149295770,10.189,3.4844000000000,,2.6108461971800,,1.6685859154900,8.799,0.9815211267610,8.257,0.61246918309900,7.642,000,0.37494107042300,6.989,0.18387162441300,6.375,0.11363192774600,1.247000,3,3.431,0.09498179943660, ,0,1.589,hhhD ,0.061985414805600,,,,,,,,,,,,,,,,,,,,
 r mon,06 39 09,+08 44 09,B8IIIe,12.45,3.6217605633800,12.81,3.078169014080,12.15,2.3250000000000,11.19,1.7421126760600,10.98,1.1133802816900,9.686,0.6549295774650,8.028,0.40867605633800,6.384,000,0.25018309859200,3.018,0.12269014084500,-0.035,0.07582201584510,34.070000,3,-0.202,0.06337753521130,79.239998,3,-2.717,0h00 ,0.041360374647900,139,132,163,,,,0.1,,,,,,,,,,,,,
 r cra,19 01 53,-36 57 07,B5IIIpe,12.781,4.2205593046100,12.651,3.587093803190,11.917,2.7094006385800,11.242,2.0301424503200,10.412,1.2974594607300,6.935,0.7632114474870,4.951,0.47624394323200,2.858,000,0.29154677294000,-0.276,0.14297494449600,-1.26,0.08835794328990,88.349998,3,-1.239,0.07385597177340, ,0,-4.016,HHHH ,0.048198634616300,263,612,1210,,,,,,,,,,,,,,,,,
 rr tau,05 39 30,+26 22 26,A0:IVe,13.08,3.0422788732400,12.71,2.585661971830,12.08,1.9530000000000,11.37,1.4633746478900,10.78,0.9352394366200,9.685,0.5501408450700,8.416,0.34328788732400,7.389,000,0.21015380281700,6.014,0.10305971831000,5.285,0.06369049330990,1.365000,3,3.571,0.05323712957750,1.367000,3,1.723,HHHH ,0.034742714704200,2.5,5.1,40.3,,,,0.02,,,,,,,,,,,,,
 sv cep,22 21 33,+73 40 27,A0,11.63,1.8833154929600,11.37,1.600647887320,10.98,1.2090000000000,10.58,0.9058985915490,10.04,0.5789577464790,9.350,0.3405633802820,8.560,0.21251154929600,7.744,000,0.13009521126800,6.726,0.06379887323930,5.935,0.03942744823940,2.527000,3,2.55,0.03295631830990,3.459000,3,0.742,0000,0.021507394816900,,,,,,,,,,,,,,,,,,,,
 t cra,19 01 58,-36 57 49,F0,,3.1243721126800,14.087,2.655433802820,13.13,2.0057000000000,,1.5028625352100,,0.9604760563380,8.928,0.5649859154930,7.703,0.35255121126800,6.598,000,0.21582461971800,6.920,0.10584069483500,5.587,0.06540912566900,4.674000,3,2.301,0.05467368704230, ,0,-1.11,HHHH ,0.035680216529600,,,,,,,,,,,,,,,,,,,,
 t ori,05 35 50,-05 28 34,A3IVeb,11.64,2.1247661971800,11.16,1.805859154930,10.63,1.3640000000000,10.02,1.0220394366200,9.67,0.6531830985920,8.271,0.3842253521130,7.236,0.23975661971800,6.216,000,0.14677408450700,5.012,0.07197821596230,4.586,0.04448224929580,      null|, null,2.73,0.03718148732390,      null|,null,0.64,HHHH ,0.02426475312680,,,,,,,,,0.13,,,,,,,,,,,
 t cha,11 57 13,-79 21 31,F5,13.01,4.0563718309900,12.23,3.447549295770,10.97,2.6040000000000,,1.9511661971800,,1.2469859154900,8.955,0.7335211267610,7.860,0.45771718309900,6.954,000,0.28020507042300,5.857,0.13741295774600,5.043,0.08492065774650,0.599200,3,4.663,0.07098283943660,0.809600,3,2.567,0000,0.046323619605600,,,,,,,,,,,,,,,,,,,,
 ty cra,19 01 40,-36 52 33,B9e,,2.4145070422500,9.962,2.052112676060,9.522,1.5500000000000,9.23,1.1614084507000,,0.7422535211270,7.486,0.4366197183100,6.970,0.27245070422500,6.673,000,0.16678873239400,5.662,0.08179342722990,4.547,0.05054801056340, ,0,-1.732,0.04225169014080,54.090000,3,-2.253,HHHH ,0.027573583098600,57,497,720,,,,,,0.13,,,,,,,,,,,
 ux ori,05 04 29,-03 47 14,A3,11.01,1.3038338028200,10.76,1.108140845070,10.4,0.8370000000000,10.17,0.6271605633800,9.9,0.4008169014080,9.060,0.2357746478870,8.044,0.14712338028200,7.214,000,0.09006591549300,6.250,0.04416845070410,5.513,0.02729592570420, ,0,2.921,0.02281591267610,3.112000,3,0.92,0000,0.014889734873200,3.7,2.8,3.8,,,,,,,,,,,,,,,,,
 hd 38238,05 44 18,+00 08 40,A7IIIe,9.4399996,0.7726440956440,9.2200003,0.656677621976,8.8699999,0.4960011825560,,0.3716515903100,,0.2375216930550,7.950,0.1397186429740,7.504,0.08718443321550,6.846,000,0.05337252161590,5.811,0.02617395911700,5.069,0.01617540194540,1.221000,3,3.9,0.01352057308060,1.690000,3,1.071,0000,0.008823567628520,,,,,,,,,,,,,,,,,,,,
 v376 cas,00 11 26,+58 50 03,A3/F2e,17.19,4.6358535211300,16.6,3.940056338030,15.55,2.9760000000000,14.28,2.2299042253500,,1.4251267605600,10.994,0.8383098591550,8.370,0.52310535211300,6.305,000,0.32023436619700,8.518,0.15704338028100,6.355,0.09705218028170,17.889999,3,3.078,0.08112324507040,33.799999,3,-0.327,dddd ,0.052941279549300,92,138,198,,0.14,,0.23E,,0.0023,,,,,,,,,,,
 v380 ori,05 36 25,-06 42 57,A1e,10.85,2.5593774647900,11.05,2.175239436620,10.49,1.6430000000000,9.66,1.2310929577500,9.13,0.7867887323940,8.107,0.4628169014080,6.964,0.28879774647900,5.947,000,0.17679605633800,4.792,0.08670103286370,3.723,0.05358089119720,7.375000,3,1.492,0.04478679154930,7.237000,3,0.149,HHHH ,0.029227998084500,8.8,,,,,,,,0.02,,,,,,,,,,,
 v451 ori,05 31 26,+11 01 22,B9e,,1.0140957209300,9.6300001,0.861889672400,9.4799995,0.6510017738340,,0.4877928784220,,0.3117473283150,9.181,0.1833807813620,9.162,0.11442960757000,9.111,000,0.07005145848020,9.051,0.03435333304170,9.013,0.02123022228420,      null|, null,8.567,0.01774575821240,      null|,null,7.329,0000,0.011580936456900,,,,,,,,,,,,,,,,,,,,
 v517 cyg,20 47 23,+43 44 39,A0/5,,4.2833354929600,13.786,3.640447887320,12.899,2.7497000000000,,2.0603385915500,,1.3167577464800,10.775,0.7745633802820,10.180,0.48332754929600,9.396,000,0.29588321126800,7.928,0.14510153990600,7.209,0.08967217073940,0.562500,3,4.543,0.07495449830990,0.580400,3,2.958,000p ,0.048915536416900,,,,,,,,,,,,,,,,,,,,
 v590 mon,06 40 44,+09 48 02,B7,12.84,1.3038338028200,12.93,1.108140845070,12.77,0.8370000000000,12.46,0.6271605633800,12.23,0.4008169014080,11.438,0.2357746478870,10.448,0.14712338028200,9.330,000,0.09006591549300,7.812,0.04416845070410,6.888,0.02729592570420,2.024000,3,3.219,0.02281591267610,3.075000,3,0.843,h00h ,0.014889734873200,9.3,,,,,,,,,,,,,,,,,,,
 v594 cas,00 43 18,+61 54 40,B8eq,10.87,3.0905690140800,11.13,2.626704225350,10.58,1.9840000000000,9.82,1.4866028169000,9.2,0.9500845070420,8.137,0.5588732394370,6.917,0.34873690140800,5.896,000,0.21348957746500,4.757,0.10469558685400,3.865,0.06470145352110,5.028000,3,1.777,0.05408216338030,5.984000,3,0.133,hh00 ,0.035294186366200,10.2,5.3,,,,,,,0.06,,,,,,,,,,,
 v645 cyg,21 39 58,+50 14 20,A0,,5.3119154929600,14.57,4.514647887320,13.47,3.4100000000000,,2.5550985915500,,1.6329577464800,10.942,0.9605633802820,9.209,0.59939154929600,6.848,000,0.36693521126800,1.590,0.17994553990600,-0.156,0.11120562323900,67.260002,3,-0.915,0.09295371830990,143.000000,3,-3.203,HHHH ,0.060661882816900,,,,54.68,6.86,,,,0.0033,-0.00064,0.00091,0.00055,,,,,,,,
 lkh 225,20 20 30,+41 21 26,A4:Ve,,7.7747126760600,16.82,6.607828169000,15.09,4.9910000000000,,3.7397352112700,,2.3900563380300,14.302,1.4059154929600,12.242,0.87729126760600,10.022,ccc ,0.53705971831000,1.910,0.26337483568000,0.304,0.16276459401400,38.729999,3,-1.691,0.13605044225400,79.529999,3,-3.159,HHHH ,0.088786937577500,,,,10.2,2.05,,,,0.024,,,,,,,,,,,
 v1578 cyg,21 52 34,+47 13 43,A0,9.52,0.3863211267610,9.97,0.328338028169,9.89,0.2480000000000,9.74,0.1858253521130,9.5,0.1187605633800,8.440,0.0698591549296,7.540,0.04359211267610,6.580,000,0.02668619718310,5.389,0.01308694835680,4.552,0.00808768169014,      null|, null,3.493,0.00676027042254,      null|,null,2.01,hh00 ,0.004411773295770,1.8,2.6,,,,,,,0.02,,,,,,,,,,,
 v1685 cyg,20 20 28,+41 21 51,B2Ve,11.2,4.8773042253500,11.48,4.145267605630,10.69,3.1310000000000,9.63,2.3460450704200,8.8,1.4993521126800,7.904,0.8819718309860,6.792,0.55035042253500,5.766,000,0.33691323943700,  null ,0.16522272300400,  null ,0.10210698133800,23.770000,3,  null ,0.08534841408450,24.219999,3,-1.338,dddd ,0.055698637859200,,,,,,,,,0.22,,,,,,,,,,,
 v1686 cyg,20 20 29,+41 21 28,A4:Ve,16.26,5.9879774647900,15.42,5.089239436620,14.06,3.8440000000000,12.64,2.8802929577500,11.58,1.8407887323900,9.378,1.0828169014100,7.691,0.67567774647900,6.345,000,0.41363605633800,  null|,0.20284769953000,  null|,0.12535906619700,      null|, null,  null|,0.10478419154900,      null|,null,  null|,null|,0.068382486084500,119,474,880,,,,,,0.0003,,,,,,,,,,,
 vv ser,18 28 47,+00 08 39,B6,13.32,5.2636253521100,12.88,4.473605633800,11.92,3.3790000000000,10.84,2.5318704225400,10.15,1.6181126760600,8.673,0.9518309859150,7.435,0.59394253521100,6.321,000,0.36359943662000,5.179,0.17830967136100,4.144,0.11019466302800,4.261000,3,2.354,0.09210868450700,3.259000,3,0.988,0h00 ,0.060110411154900,3.9,5.7,26.9,,,,,,0.02,,,,,,,,,,,
 vx cas,00 31 30,+61 58 50,A0Vep,11.83,5.2636260889600,11.59,4.473606260060,10.5,3.3790004730200,11.19,2.5318707769700,10.94,1.6181129025700,10.145,0.9518311191610,9.171,0.59394261835700,8.214,c00 ,0.36359948752000,7.115,0.17830969632300,6.564,0.11019467845400,0.755400,3,4.157,0.09210869740120,1.327000,3,1.832,0000,0.060110419569700,,,,,,,,,,,,,,,,,,,,
 vy mon,06 31 06,+10 26 04,A5:Vep,15.98,7.1469408450700,15.09,6.074253521130,13.47,4.5880000000000,11.64,3.4377690140800,10.49,2.1970704225400,8.074,1.2923943662000,6.696,0.80645408450700,5.457,000,0.49369464788700,3.646,0.24210854460100,0.526,0.14962211126800, ,0,-0.191,0.12506500281700,56.220001,3,-2.313,HHHH ,0.081617805971800,,,,10.925,2.215,,,,,,,,,,,,,,,
 ww vul,19 25 58,+21 12 31,A2IVe,11.56,1.6418647887300,11.14,1.395436619720,10.74,1.0540000000000,10.34,0.7897577464790,9.59,0.5047323943660,9.092,0.2969014084510,8.181,0.18526647887300,7.278,000,0.11341633802800,6.574,0.05561953051630,5.907,0.03437264718310,1.502000,3,3.322,0.02873114929580,1.786000,3,1.56,pp00 ,0.018750036507000,,,,,,,,,,,,,,,,,,,,
 HBC 324     ,00 07 30,+65 39 52,A5e,,4.2495323943700,15.957,3.611718309860,14.937,2.7280000000000,,2.0440788732400,,1.3063661971800,12.920,0.7684507042250,12.014,0.47951323943700,11.004,000,0.29354816901400,9.067,0.14395643192500,7.704,0.08896449859150,0.535900,3,4.16,0.07436297464790,1.551000,3,1.438,0hhh ,0.048529506253500,,,,,,,,,,,,,,,,,,,,
 RNO 6      ,02 16 30, +55 22 5,B3,,3.6700492305300,15.09,3.119210015100,14.52,2.3559990539600,,1.7653401362000,,1.1282248990800,12.272,0.6636617053390,11.789,0.41412490413200,11.419,000,0.25351877144000,9.940,0.12432595946700,9.25,0.07683294520430,      null|, null,4.9,0.06422254322570,      null|,null,2.169,hhdd ,0.041911829480300,,,,,,,,,,,,,,,,,,,,
 HD 278937,03 40 46,+32 31 53,A6,10.95,0.8209323943660,10.8,0.697718309859,10.47,0.5270000000000,10.13,0.3948788732390,9.87,0.2523661971830,9.139,0.1484507042250,8.409,0.09263323943660,7.589,000,0.05670816901410,6.591,0.02780976525820,5.963,0.01718632359150,0.382700,3,5.194,0.01436557464790,0.641300,3,2.244,0000,0.009375018253520,,,,,,,,,,,,,,,,,,,,
 HD 275877,03 49 36,+38 58 55,A5,10.17,1.6901549295800,9.7,1.436478873240,9.21,1.0850000000000,8.72,0.8129859154930,8.39,0.5195774647890,7.654,0.3056338028170,6.917,0.19071549295800,6.092,000,0.11675211267600,4.971,0.05725539906090,4.122,0.03538360739440,4.302000,3,2.574,0.02957618309860,3.404000,3,0.969,0000,0.019301508169000,,,,,,,,,,,,,,,,,,,,
 V892 Tau   ,04 18 40,+28 19 15,B8,,7.1952309859200,16.65,6.115295774650,15.25,4.6190000000000,13.12,3.4609971831000,,2.2119154929600,8.550,1.3011267605600,6.910,0.81190309859200,5.940,000,0.49703042253500,5.144,0.24374441314500,4.104,0.15063307147900,17.350000,3,-0.21,0.12591003662000,61.650002,3,-2.51,HHHH ,0.082169277633800,,,,23.195,0.34,,,,0.042,0.0058,0.0011,0.00048,,,,,,,,
 HD 31648 ,04 58 46,+29 50 36,A5Vep,7.8400002,0.0965818474944,7.7800002,0.082085837834,7.6199999,0.0620010051727,7.7600002,0.0464570911998,7.4299998,0.0296906221954,6.865,0.0174650718796,6.262,0.01089820485290,5.527,000,0.00667165745802,4.868,0.00327179013211,3.926,0.00202195320285,9.118000,3,1.665,0.00169009500579,8.070000,3,0.056,0000,0.001102961205370,,,,2.67,0.66,,,,0.0399,,,,,,,,,,,
 V1012 Ori  ,05 11 36,-02 22 48,A3e,,1.8591704225400,12.698,1.580126760560,12.223,1.1935000000000,12.5,0.8942845070420,,0.5715352112680,10.558,0.3361971830990,9.676,0.20978704225400,8.833,000,0.12842732394400,7.936,0.06298093896700,7.277,0.03892196813380,0.294400,3,5.152,0.03253380140850,0.872200,3,2.087,0000,0.021231658985900,,,,,,,,,,,,,,,,,,,,
 HD 34282 ,05 16 00,-09 48 35,A0,10.19,1.5452830333400,10.16,1.313350860170,9.8400002,0.9919990539550,9.7700005,0.7433006995830,9.6300001,0.4750418004860,9.256,0.2794363532270,8.475,0.17436828441400,7.678,000,0.10674468693300,6.790,0.05234774350440,6.271,0.03235069590850,0.735600,3,4.428,0.02704105590180, ,0,1.946,0000,0.017647076353500,,,,2.7,0.36,,,,,,,,,,,,,,,
 HD 287841,05 24 42,+01 43 48,A8,10.55,0.2414507042250,10.45,0.205211267606,10.17,0.1550000000000,9.9899998,0.1161408450700,9.8000002,0.0742253521127,9.699,0.0436619718310,9.188,0.02724507042250,8.561,000,0.01667887323940,7.310,0.00817934272299,6.754,0.00505480105634, ,0,5.175,0.00422516901408,0.589600,3,2.233,0000,0.002757358309860,,,,,,,,,,,,,,,,,,,,
 HD 35929 ,05 27 42,-08 19 38,F2III,,0.4346138465770,8.5500002,0.369382473583,8.1099997,0.2790016555790,8.1000004,0.2090547616450,,0.1336064266150,7.211,0.0785920156559,6.974,0.04904141776930,6.673,000,0.03002214998060,6.150,0.01472290426620,5.467,0.00909869589251, ,0,4.213,0.00760534935503,0.468600,3,3.391,0000,0.004963274409510,,,,,,,,,,,,,,,,,,,,
 HD 36112   ,05 30 27,+25 19 57,A8Ve,,0.3380273016700,8.5699997,0.287292643372,8.2700005,0.2169976348880,8.3000002,0.1625954109300,,0.1039143603690,7.221,0.0611260943346,6.560,0.03814268286480,5.804,000,0.02335016803580,4.684,0.01145095500530,3.865,0.00707664434873,4.686000,3,2.163,0.00591517214876,6.302000,3,-0.181,0000,0.003860259559850,,,,1.35,0.1735,,,,0.0059,,,,,,,,,,,
 HD 244604 ,05 31 57,+11 17 41,A0Vesh,,0.8692194036030,9.6099997,0.738757901796,9.4300003,0.5579979896550,9.3999996,0.4181055359100,,0.2672103049050,8.613,0.1571825322970,7.956,0.09808190015340,7.123,000,0.06004372733750,6.540,0.02944552771690,5.773,0.01819721824220, ,0,3.405,0.01521055365040,1.448000,3,1.598,0000,0.009926454152640,,,,,,,,,,,,,,,,,,,,
 HD 37258  ,05 36 59,-06 09 16,A3V,,0.3380302490660,9.9300003,0.287295148393,9.7700005,0.2169995269780,9.6999998,0.1625968286650,,0.1039152664400,8.953,0.0611266273176,8.406,0.03814301544620,7.690,000,0.02335037163530,6.692,0.01145105485080,6.036,0.00707670605284,1.749000,3,3.56,0.00591522372553,1.622000,3,1.946,0000,0.003860293219010,,,,,,,,,,,,,,,,,,,,
 HD 37357 ,05 37 47,-06 42 30,A0e,,0.4828986452670,8.9499998,0.410420186755,8.8500004,0.3099982261660,,0.2322803610140,,0.1484498547840,8.405,0.0873234439904,7.947,0.05448982905000,7.368,000,0.03335755560430,6.647,0.01635859184080,5.952,0.01010954426510,1.513000,3,3.416,0.00845028967495,1.671000,3,1.494,0000,0.005514685064260,,,,,,,,,,,,,,,,,,,,
 V1787 Ori   ,05 38 09,-06 49 16,A5e,,6.6157504010500,15.26,5.622789671780,13.75,4.2470007095300,,3.1822596865800,,2.0337749876600,9.938,1.1963382280400,8.969,0.74651505429500,7.978,000,0.45700120311000,6.489,0.22411402805200,5.668,0.13850157208300,2.027000,3,3.095,0.11576965032700,2.493000,3,1.343,0000,0.075551630312300,,,,,,,,,,,,,,,,,,,,
 HD 37411 ,05 38 14,-05 25 13,B9Ve,10.03,0.8692219825740,9.9099998,0.738760093689,9.79,0.5579996452330,9.6000004,0.4181067764280,9.4499998,0.2672110977170,9.047,0.1571829986570,8.361,0.09808219116210,7.579,000,0.06004390548710,6.489,0.02944561508170,5.876,0.01819727223330,0.666200,3,4.211,0.01521059878010, ,0,1.503,0000,0.009926483604400,,,,,,,,,,,,,,,,,,,,
 V599 Ori   ,05 38 58,-07 16 45,A5,,7.4849718309900,15.39,6.361549295770,13.7,4.8050000000000,,3.6003661971800,,2.3009859154900,9.624,1.3535211267600,8.595,0.84459718309900,7.589,000,0.51704507042300,6.693,0.25355962441300,6.019,0.15669883274600,0.674600,3,4.302,0.13098023943700,1.950000,3,1.047,0000,0.085478107605600,,,,,,,,,,,,,,,,,,,,
 V350 Ori   ,05 40 11,-09 42 11,A1,12.26,2.0281859154900,11.92,1.723774647890,11.47,1.3020000000000,11.03,0.9755830985920,10.62,0.6234929577460,10.017,0.3667605633800,9.236,0.22885859154900,8.371,000,0.14010253521100,7.392,0.06870647887310,6.809,0.04246032887320,0.556300,3,4.324,0.03549141971830,1.008000,3,2.132,0000,0.023161809802800,,,,,,,,,,,,,,,,,,,,
 HD 37806     ,05 41 02,-02 43 00,B9,,0.4346112676060,7.957,0.369380281690,7.927,0.2790000000000,7.92,0.2090535211270,,0.1336056338030,7.115,0.0785915492958,6.252,0.04904112676060,5.400,000,0.03002197183100,4.576,0.01472281690140,3.522,0.00909864190141,8.745000,3,1.377,0.00760530422535,8.340000,3,0.026,HHHH ,0.004963244957750,,,,,,,,,,,,,,,,,,,,
 HD 52721 ,07 01 49,-11 18 03,B2Vne,5.8800001,1.3521236673400,6.6500001,1.149182863750,6.5900002,0.8679998226170,,0.6503885994820,,0.4156618868870,6.243,0.2445069922860,6.156,0.15257236318700,6.038,000,0.09340167105340,6.040,0.04580430988820,5.631,0.02830688013070,0.115900,3,5.071,0.02366094164360, ,0,2.483,0000,0.015441203379700,5.4,24.6,,,,,,,,,,,,,,,,,,
 NX Pup     ,07 19 28,-44 35 11,A1e/F2IIIe,,2.1730587327900,10.47,1.846903443780,9.9899998,1.3950015373200,10,1.0452687575400,,0.6680289051970,8.579,0.3929581795280,7.285,0.24520590402500,6.080,000,0.15011002458000,4.587,0.07361416563140,3.503,0.04549325964160,5.197000,3,2.011,0.03802656303290,4.652000,3,0.597,0h0h ,0.024816252136800,9.1,14.1,42.2,,,,,,,,,,,,,,,,,
 V388 Vel,08 42 16, -40 44 1,Ae,,5.5485371831000,15.976,4.715754929580,14.687,3.5619000000000,,2.6689166197200,,1.7056985915500,11.552,1.0033521126800,10.066,0.62609171831000,8.824,000,0.38328050704200,6.724,0.18796129577400,5.796,0.11615932827500,3.775000,3,2.239,0.09709438394370,6.730000,3,-0.388,hhhh ,0.063364093960600,,,,,,,,,,,,,,,,,,,,
 HD 76534 ,08 55 08,-43 27 59,B2Vne,7.04,1.6418642361000,7.6199999,1.395436150030,7.5,1.0539996452300,,0.7897574806540,,0.5047322244780,7.818,0.2969013085160,7.858,0.18526641651400,7.804,000,0.11341629985300,7.270,0.05561951179530,7.138,0.03437263561360,0.117900,3,6.28,0.02873113962510, ,0,4.283,0000,0.018750030195900,0.7,21,70.2,,,,,,,,,,,,,,,,,
 HD 85567 ,09 50 28,-60 58 02,B2Ve,8.1599998,1.5452863491600,8.6700001,1.313353678310,8.5699997,0.9920011825560,,0.7433022945350,,0.4750428198160,7.472,0.2794369528330,6.680,0.17436865856800,5.774,ss0 ,0.10674491598200,4.603,0.05234785583060,3.599,0.03235076532560,5.968000,3,1.791,0.02704111392560,5.179000,3,0.46,hhp0 ,0.017647114220100,,,,,,,,,,,,,,,,,,,,
 HD 94509 ,10 53 27,-58 25 24,B8e,,0.4828979084180,9.1499996,0.410419560500,9.1400003,0.3099977531430,,0.2322800065810,,0.1484496282660,9.044,0.0873233107446,8.990,0.05448974590460,8.929,000,0.03335750470440,8.549,0.01635856687950,8.382,0.01010952883900,      null|, null,7.616,0.00845027678075,      null|,null,6.05,dddd ,0.005514676649470,,,,,,,,,,,,,,,,,,,,
 HD 95881 ,11 01 57,-71 30 48,A1/A2III/IV,,0.5311932072060,8.3699999,0.451466197806,8.2299995,0.3410010643010,8.1999998,0.2555106566310,,0.1632962843130,7.384,0.0960566378311,6.662,0.05993934200660,5.734,000,0.03669363565150,4.506,0.01799461015370,3.469,0.01112059703250,6.310000,3,1.693,0.00929540084292,5.074000,3,0.523,0h00 ,0.006066207214970,,,,,,,,,,,,,,,,,,,,
 HD 97048 ,11 08 03,-77 39 17,A0Vep,,1.4921653521100,8.764,1.268205633800,8.455,0.9579000000000,8.27,0.7177504225350,,0.4587126760560,7.267,0.2698309859150,6.665,0.16837453521100,5.941,000,0.10307543662000,4.474,0.05054833802810,4.467,0.03123867052820,6.046000,3,1.34,0.02611154450700,17.180000,3,-1.32,hhhd ,0.017040474354900,48.3,77,86.1,,,,,,,,,,,,,,,,,
 HD 98922 ,11 22 31,-53 22 11,B9,,0.4780723943660,6.802,0.406318309859,6.763,0.3069000000000,6.74,0.2299588732390,,0.1469661971830,6.004,0.0864507042254,5.226,0.05394523943660,4.280,dd0 ,0.03302416901400,2.479,0.01619509859150,0.824,0.01000850609150,26.580000,3,0.06,0.00836583464789,21.530001,3,-1.06,HHHH ,0.005459569453520,,,,,,,,,,,,,,,,,,,,
 HD 100546,11 33 25,-70 11 41,B9Vne,,2.2696358828700,6.71,1.928985289240,6.3000002,1.4569995269800,6.6999998,1.0917235892300,6.6399999,0.6977180833410,6.425,0.4104224019660,5.962,0.25610357882600,5.418,000,0.15678135755100,4.203,0.07688579663470,3.455,0.04751511450350,38.470001,3,-0.397,0.03971657583820,158.500000,3,-3.227,HHHH ,0.025919159697900,,,,,,,,,,,,,,,,,,,,
 HD 101412,11 39 44,-60 10 27,A0V,,0.8547357140120,9.4650002,0.726448075200,9.2880001,0.5487001419070,9.3000002,0.4111386978790,,0.2627578144340,8.635,0.1545634202550,8.217,0.09644757423940,7.466,000,0.05904322653760,6.126,0.02895488072780,4.994,0.01789400036720,2.344000,3,2.869,0.01495710217810,2.510000,3,1.325,0h00 ,0.009761050941340,,,,,,,,,,,,,,,,,,,,
 HD 104237,12 00 05,-78 11 34,A4IVe,,0.4346114518180,6.8099999,0.369380438254,6.5999999,0.2790001182560,6.5999999,0.2090536097350,,0.1336056904320,5.813,0.0785915826072,5.246,0.04904114754690,4.585,000,0.03002198455600,3.803,0.01472282314170,2.848,0.00909864575792,13.479999,3,0.927,0.00760530744890,13.000000,3,-0.518,hhhh ,0.004963247061440,,,,,,,,,,,,,,,,,,,,
 Hen 3-847   ,13 01 17,-48 53 18,B5e,,1.0140914840500,10.65,0.861886071433,10.58,0.6509990539550,10.6,0.4877908404280,,0.3117460258380,10.177,0.1833800151990,9.424,0.11442912948400,7.805,000,0.07005116580590,5.221,0.03435318951380,3.299,0.02123013358460,26.820000,3,0.137,0.01774568407080,34.500000,3,-1.665,0000,0.011580888071800,,,,,,,,,,,,,,,,,,,,
 CPD-61 3587B ,13 19 04, -62 34 1,B0,,2.8394602816900,11.021,2.413284507040,10.733,1.8228000000000,,1.3658163380300,,0.8728901408450,10.016,0.5134647887320,9.920,0.32040202816900,9.799,000,0.19614354929600,8.644,0.09618907042240,8.461,0.05944446042250,      null|, null,5.006,0.04968798760560,      null|,null,1.118,hhdd ,0.032426533723900,,,,,,,,,,,,,,,,,,,,
 HD 130437,14 50 50,-60 17 10,B1Ve,10.2,3.9597935756300,10.54,3.365466510930,9.9799995,2.5420013008100,,1.9047108338500,,1.2172963975700,7.943,0.7160567044540,7.620,0.44681938357900,7.276,000,0.27353366110100,6.747,0.13414128930100,6.434,0.08289877974550,0.282500,3,5.653,0.06929280729000, ,0,4.395,hhdp ,0.045220699422400,,,,,,,,,,,,,,,,,,,,
 SS73 44    ,15 03 23,-63 22 58,A,,4.7807244963000,13.88,4.063183568280,12.75,3.0690003547700,,2.2995889982200,,1.4696621417200,9.750,0.8645071421880,8.747,0.53945245672500,7.822,000,0.33024172831600,6.483,0.16195100463600,5.446,0.10008507248500,1.715000,3,2.95,0.08365835614950,3.733000,3,0.609,0h00 ,0.054595700846300,,,,,,,,,,,,,,,,,,,,
 HD 132947,15 04 56,-63 07 52,B9V,,0.5794837164760,9,0.492508764455,8.9399996,0.3720013008120,,0.2787390028620,,0.1781414679940,8.735,0.1047890988200,8.664,0.06538839766380,8.623,ddc,0.04002943574930,5.955,0.01963049117900,5.724,0.01213156495680,0.512000,3,4.653,0.01014044109280,0.358800,3,3.567,hh00 ,0.006617683084330,,,,,,,,,,,,,,,,,,,,
 HD 141569,15 49 57,-03 55 16,A0Ve,7.2199998,0.3863207583360,7.1999998,0.328337715041,7.1199999,0.2479997634890,7,0.1858251748960,7.04,0.1187604501210,6.872,0.0698590883067,6.861,0.04359207110340,6.821,000,0.02668617173320,6.061,0.01308693587610,6.095,0.00808767397713,0.517800,3,4.701,0.00676026397544,0.865500,3,1.861,0000,0.004411769088380,,,,0.0649,0.0109,,,,,,,,,,,,,,,
 HD 142666,15 56 40,-22 01 40,A8Ve,9.4099998,1.5452854281000,9.3699999,1.313352895490,8.8199997,0.9920005912780,8.3100004,0.7433018514930,8.0100002,0.4750425366680,7.351,0.2794367862760,6.739,0.17436855463600,6.077,000,0.10674485235700,5.221,0.05234782462890,4.373,0.03235074604310,5.152000,3,1.601,0.02704109780790,6.578000,3,-0.062,0000,0.017647103701600,,,,1.14,0.313,,,,,,,,,,,,,,,
 HD 144432,16 06 57,-27 43 09,A9IVe,8.4700003,0.3380314688170,8.5299997,0.287296185070,8.1899996,0.2170003100000,7.8200002,0.1625974153800,7.5300002,0.1039156414080,7.095,0.0611268478873,6.538,0.03814315308170,5.888,000,0.02335045589300,5.359,0.01145109617090,4.571,0.00707673158848, ,0,1.792,0.00591524507006,7.326000,3,0.051,0hp0 ,0.003860307148520,,,,,0.129,,,,,,,,,,,,,,,
 HD 144668,16 08 34,-39 06 18,A7IVe,7.6599998,0.8209307364560,7.4099998,0.697716900785,7.0500002,0.5269989356990,6.9200001,0.3948780757640,,0.2523656875180,5.907,0.1484504044220,5.220,0.09263305235960,4.386,000,0.05670805448940,2.438,0.02780970909510,1.104,0.01718628888300,16.820000,3,0.706,0.01436554563600, ,0,-0.552,HHHH ,0.009374999320240,16.8,14.2,58.8,,0.064,,,,0.04,,,,,,,,,,,
 Hen 3-1191  ,16 27 15,-48 39 26,B[e],,5.0221774110700,14.6,4.268396714650,13.7,3.2240017738300,,2.4157309065900,,1.5438881733900,10.086,0.9081695137560,8.127,0.56669777658400,6.304,000,0.34692075425500,4.146,0.17013042224300,2.711,0.10513991981900,19.709999,3,0.56,0.08788356384620,14.840000,3,-0.655,HHHH ,0.057353084400500,,,,,,,,,,,,,,,,,,,,
 V921 Sco   ,16 59 06,-42 42 08,B0IVe,12.16,7.6298409640400,12.28,6.484674960390,11,4.8979991722100,,3.6700500839700,,2.3455207303500,7.235,1.3797180766800,5.918,0.86094407984800,4.520,0d0 ,0.52705230529100,-0.125,0.25846718636400,-0.968,0.15973168638500,131.899994,3,-1.622,0.13351531828000,136.500000,3,-4.511,HHHH ,0.087132507865700,288,,,,,,,,0.27,,,,,,,,,,,
 MWC 300       ,18 29 25,-06 04 37,B1Iae,12.55,6.4225872587000,12.67,5.458618465800,11.6,4.1229990539600,,3.0893457700100,,1.9743939131600,9.309,1.1614081842100,8.159,0.72471870694900,6.208,000,0.44365792636900,3.506,0.21757046650900,-0.09,0.13445767724700,77.559998,3,-0.765,0.11238946998600,95.940002,3,-2.693,HHHH ,0.073345714212700,,,,,,,,,,,,,,,,,,,,
 HD 179218,19 11 11,+15 47 15,A0Ve,7.5500002,0.4152950454770,7.4759998,0.352963239374,7.3899999,0.2665998935700,7.25,0.1997621737740,7.21,0.1276675546670,6.994,0.0750985615690,6.645,0.04686150241910,5.995,000,0.02868765051940,4.841,0.01406846386720,3.872,0.00869425434604,14.740000,3,0.299,0.00726728780303,27.879999,3,-1.614,hhhh ,0.004742654399630,,,,,,,,,,,,,,,,,,,,
 HD 190073,20 03 02,+05 44 16,A2IVe,7.9099998,0.3380315385520,7.8600001,0.287296244339,7.73,0.2170003547670,7.8000002,0.1625974489240,7.6500001,0.1039156628460,7.194,0.0611268604977,6.647,0.03814316095060,5.855,000,0.02335046071010,4.724,0.01145109853320,3.705,0.00707673304839,5.734000,3,1.746,0.00591524629036,4.457000,3,0.596,0h00 ,0.003860307944900,,,,,,,,,,,,,,,,,,,,
 Par 22     ,05 28 56,-06 31.6 ,-,,99.9900000000000,13.5,99.990000000000,13.3,99.9900000000000,,99.9900000000000,,99.9900000000000,11.712,99.9900000000000,11.385,99.99000000000000,11.338,000,99.99000000000000,11.256,99.99000000000000,11.325,99.99000000000000,      null|, null,11.398,99.99000000000000,      null|,null,8.912,0000,99.990000000000000,,,,,,,,,,,,,,,,,,,,
 PV Cep     ,20 45 53,+67 57 38,A5,,8.0644601527700,19.27,6.854061974320,17.459999,5.1770042572000,15.98,3.8791074152600,14.6,2.4791287992200,12.453,1.4583110583700,9.497,0.90998610042100,7.291,000,0.55707482429600,5.344,0.27319027160000,3.61,0.16883049411600,9.405000,3,0.785,0.14112076111800,20.650000,3,-1.225,HHHH ,0.092095843282400,,,,6.55,1,,,,,,,,,,,,,,,
 HD 203024  ,21 16 03,+68 54 52,A0,,1.0865281690100,9.237,0.923450704225,9.012,0.6975000000000,,0.5226338028170,,0.3340140845070,8.377,0.1964788732390,8.209,0.12260281690100,8.120,000,0.07505492957750,7.607,0.03680704225350,6.847,0.02274660475350,2.118000,3,2.408,0.01901326056340,6.987000,3,-0.055,0000,0.012408112394400,,,,,,,,,,,,,,,,,,,,
 V373 Cep     ,21 43 06,+66 06 54,B5Ve,13.65,4.9255949188300,13.61,4.186310328850,12.73,3.1620003547700,11.98,2.3692735052600,11.2,1.5141973529900,9.528,0.8907043252860,8.201,0.55579949897900,7.081,000,0.34024905225900,4.688,0.16685861027000,2.903,0.10311795311900,5.844000,3,1.32,0.08619345755800,18.719999,3,-1.749,hhdh ,0.056250115832200,75.5,592,,43.53,8.69,,,,0.92E,,,,,,,,,,,
 V375 Lac   ,22 34 41,+40 40 04,A4,15.09,3.5251802816900,14.41,2.996084507040,13.56,2.2630000000000,12.64,1.6956563380300,12.11,1.0836901408500,11.294,0.6374647887320,10.307,0.39777802816900,8.921,000,0.24351154929600,6.547,0.11941840375600,5.031,0.07380009542250,2.371000,3,2.233,0.06168746760560,10.220000,3,-0.655,0000,0.040257431323900,21.4,30.4,63.2,,,,,,0.04,,,,,,,,,,,
 HD 216629,22 53 15,+62 08 44,B3IVe+A3,9.8299999,3.7183404766500,9.8900003,3.160253208000,9.3100004,2.3869997634900,,1.7885688368700,,1.1430703092800,7.547,0.6723942995740,7.293,0.41957404293400,7.096,000,0.25685462243700,5.834,0.12596186545300,5.082,0.07784392855460,1.939000,3,2.933,0.06506759636980,1.988000,3,1.355,ddhh ,0.042463313764400,,,,,,,,,,,,,,,,,,,,
 BHJ 71     ,23 05 07,+62 15 36,B5Vep,10.09,3.5734722646600,11.5,3.037128326200,10.9,2.2940011825600,,1.7188853931300,,1.0985357775600,7.939,0.6461975162130,7.520,0.40322725011700,7.091,000,0.24684745119300,6.970,0.12105433470400,6.623,0.07481109419890,0.322700,3,5.581,0.06253253364390,0.227400,3,3.904,000d ,0.040808924022900,,,,,,,,,,,,,,,,,,,,
HD 35187,05 24 01,+24 57 37,A2e+A7,,0.8064453521130,8.742,0.685405633803,8.515,0.5177000000000,8.39,0.387910423,,0.2479126760560,6.953,0.145830986,6.480,0.090998535,5.911,000,0.055707437,5.222,0.027319005,4.623,0.016883036,      null|, null,2.56,0.014112065,      null|,null,0.274,0000,0.009209577,,,,,,,,,,,,,,,,,,,,
HD 100453,11 33 05,-54 19 28,A9Ve,,0.0338030985915,8.072,0.028729577465,7.795,0.0217000000000,7.63,0.016259718,,0.0103915492958,6.945,0.006112676,6.390,0.00381431,5.600,000,0.002335042,4.709,0.001145108,3.666,0.000707672,5.518,3,1.35,0.000591524,18.74,3,-1.346,hhhh,0.00038603,,,,,,,,,,,,,,,,,,,,
CPD-36 6759,15 15 48,-37 09 16,A0V,,2.4241650704200,9.21,2.060321126760,8.708,1.5562000000000,8.7,1.166054085,,0.7452225352110,7.279,0.438366197,6.587,0.273540507,5.843,000,0.167455887,4.964,0.082120601,4.208,0.050750203,1.727,3,3.774,0.042420697,3.285,3,0.429,hh0h,0.027683877,,,,0.37,2.52,,,,,,,,,,,,,,,
HD 139614,15 40 46,-42 29 53,A7Ve,,0.1255543661970,8.465,0.106709859155,8.249,0.0806000000000,8.41,0.060393239,,0.0385971830986,7.669,0.022704225,7.333,0.014167437,6.748,000,0.008673014,5.892,0.004253258,5.222,0.002628497,2.386,3,2.047,0.002197088,10.57,3,-0.667,0000,0.001433826,,,,,,,,,,,,,,,,,,,,
HD 142527,15 56 41,-42 19 23,F6III,,0.9947769014080,9.014,0.845470422535,8.348,0.6386000000000,7.91,0.478500282,,0.3058084507040,6.503,0.179887324,5.715,0.11224969,4.980,000,0.068716958,4.28,0.033698892,3.343,0.02082578,9.095,3,1.276,0.017407696,11.1,3,-0.785,HHHH,0.011360316,,,,,,,,,,,,,,,,,,,,
HD 169142,18 24 29,-29 46 49,A5Ve,,0.5215335211270,8.411,0.443256338028,8.163,0.3348000000000,8,0.250864225,,0.1603267605630,7.310,0.094309859,6.911,0.058849352,6.410,000,0.036026366,6.203,0.01766738,5.65,0.01091837,      null|, null,2.697,0.009126365,8.896,3,-0.632,hhhh,0.005955894,,,,,,,,,,,,,,,,,,,,
v751 cyg,20 52 12,+44 19 26,A0e,,1.1106732394400,14.24,0.943971830986,14.01,0.7130000000000,13.95,0.534247887,,0.3414366197180,13.622,0.20084507,13.429,0.125327324,13.237,000,0.076722817,12.804,0.037624977,12.584,0.023252085,      null|,null,11.022,0.019435777,      null|,null,8.56,dd00 ,0.012683848,,,,,,,,,,,,,,,,,,,,
Brun 216,05 34 14,-05 36 54,F8,11.081,-0.2028185915490,10.697,-0.172377464789,10.219,-0.1302000000000,,-0.09755831,9.425,-0.0623492957746,8.993,-0.036676056,8.628,-0.022885859,8.279,000,-0.014010254,7.611,-0.006870648,7.102,-0.004246033,0.9096,3,3.88,-0.003549142,1.361,3,1.781,hhdD,-0.002316181,,,,,,,,,,,,,,,,,,,,
,,,,,,,,,,,,,,,,,,,,,,,,,,,,,,,,,,,,,,,,,,,,,,,,,,,,,
,,,,,,,,,,,,,,,,,,,,,,,,,,,,,,,,,,,,,,,,,,,,,,,,,,,,,
,,,,,,,,,,,,,,,,,,,,,,,,,,,,,,,,,,,,,,,,,,,,,,,,,,,,,
